{
    "startPoint": {
        "x": 49.95855025648944,
        "y": 19.68829248274239
    },
    "endPoint": {
        "x": 50.154564013341734,
        "y": 20.02470275868903
    }
}